{
  "grounded_mode_activation_shift_mean": 29.128790291254532,
  "grounded_mode_activation_shift_std": 5.7700709376506305,
  "n_species": 5
}