{
  "grounded_mode_activation_shift_mean": 57.14005678470652,
  "grounded_mode_activation_shift_std": 4.679117677564494,
  "n_species": 6
}