{
  "grounded_mode_activation_shift_mean": 60.257538849590404,
  "grounded_mode_activation_shift_std": 4.669182872047656,
  "n_species": 7
}