{
  "grounded_mode_activation_shift_mean": 32.68295906687712,
  "grounded_mode_activation_shift_std": 2.7662314505982035,
  "n_species": 6
}