{
  "grounded_mode_activation_shift_mean": 21.479647896265657,
  "grounded_mode_activation_shift_std": 46.5553968320021,
  "n_species": 25
}